Method,Job,AnalyzeLaunchVariance,EvaluateOverhead,MaxAbsoluteError,MaxRelativeError,MinInvokeCount,MinIterationTime,OutlierMode,Affinity,EnvironmentVariables,Jit,Platform,Runtime,AllowVeryLargeObjects,Concurrent,CpuGroups,Force,HeapAffinitizeMask,HeapCount,NoAffinitize,RetainVm,Server,Arguments,BuildConfiguration,Clock,EngineFactory,Toolchain,IsMutator,InvocationCount,IterationCount,IterationTime,LaunchCount,MaxIterationCount,MaxWarmupIterationCount,MinIterationCount,MinWarmupIterationCount,RunStrategy,UnrollFactor,WarmupCount,text,culture,scale,typeName,Mean,Error,StdDev,Median
RecognizeCurrency,Default,False,Default,Default,Default,Default,Default,Default,1111,Empty,LegacyJit,X86,Clr,False,True,False,True,Default,Default,False,False,False,Default,Default,Default,Default,Default,Default,1,10,Default,Default,Default,Default,Default,Default,ColdStart,1,Default,3 $,German,x1,currency,46.21 ms,164.17 ms,108.59 ms,11.9877 ms
RecognizeCurrency,Default,False,Default,Default,Default,Default,Default,Default,1111,Empty,LegacyJit,X86,Clr,False,True,False,True,Default,Default,False,False,False,Default,Default,Default,Default,Default,Default,1,10,Default,Default,Default,Default,Default,Default,ColdStart,1,Default,3 $3 (...) $3 $ [30],German,x10,currency,49.41 ms,171.93 ms,113.72 ms,13.0281 ms
RecognizeCurrency,Default,False,Default,Default,Default,Default,Default,Default,1111,Empty,LegacyJit,X86,Clr,False,True,False,True,Default,Default,False,False,False,Default,Default,Default,Default,Default,Default,1,10,Default,Default,Default,Default,Default,Default,ColdStart,1,Default,3 $3 (...) $3 $ [300],German,x100,currency,204.32 ms,188.53 ms,124.70 ms,165.7846 ms
RecognizeDimension,Default,False,Default,Default,Default,Default,Default,Default,1111,Empty,LegacyJit,X86,Clr,False,True,False,True,Default,Default,False,False,False,Default,Default,Default,Default,Default,Default,1,10,Default,Default,Default,Default,Default,Default,ColdStart,1,Default,75 litre,French,x1,dimension,30.75 ms,145.04 ms,95.94 ms,0.2899 ms
RecognizeDimension,Default,False,Default,Default,Default,Default,Default,Default,1111,Empty,LegacyJit,X86,Clr,False,True,False,True,Default,Default,False,False,False,Default,Default,Default,Default,Default,Default,1,10,Default,Default,Default,Default,Default,Default,ColdStart,1,Default,75 li(...)litre [80],French,x10,dimension,30.43 ms,138.38 ms,91.53 ms,1.3759 ms
RecognizeDimension,Default,False,Default,Default,Default,Default,Default,Default,1111,Empty,LegacyJit,X86,Clr,False,True,False,True,Default,Default,False,False,False,Default,Default,Default,Default,Default,Default,1,10,Default,Default,Default,Default,Default,Default,ColdStart,1,Default,75 li(...)litre [800],French,x100,dimension,39.49 ms,139.10 ms,92.00 ms,11.3061 ms
RecognizeDimension,Default,False,Default,Default,Default,Default,Default,Default,1111,Empty,LegacyJit,X86,Clr,False,True,False,True,Default,Default,False,False,False,Default,Default,Default,Default,Default,Default,1,10,Default,Default,Default,Default,Default,Default,ColdStart,1,Default,75ml,Dutch,x1,dimension,32.11 ms,151.63 ms,100.30 ms,0.2957 ms
RecognizeDimension,Default,False,Default,Default,Default,Default,Default,Default,1111,Empty,LegacyJit,X86,Clr,False,True,False,True,Default,Default,False,False,False,Default,Default,Default,Default,Default,Default,1,10,Default,Default,Default,Default,Default,Default,ColdStart,1,Default,75ml,English,x1,dimension,35.37 ms,167.40 ms,110.72 ms,0.2733 ms
RecognizeDimension,Default,False,Default,Default,Default,Default,Default,Default,1111,Empty,LegacyJit,X86,Clr,False,True,False,True,Default,Default,False,False,False,Default,Default,Default,Default,Default,Default,1,10,Default,Default,Default,Default,Default,Default,ColdStart,1,Default,75ml,German,x1,dimension,32.09 ms,151.80 ms,100.41 ms,0.2429 ms
RecognizeDimension,Default,False,Default,Default,Default,Default,Default,Default,1111,Empty,LegacyJit,X86,Clr,False,True,False,True,Default,Default,False,False,False,Default,Default,Default,Default,Default,Default,1,10,Default,Default,Default,Default,Default,Default,ColdStart,1,Default,75ml,Italian,x1,dimension,31.13 ms,147.43 ms,97.52 ms,0.2017 ms
RecognizeDimension,Default,False,Default,Default,Default,Default,Default,Default,1111,Empty,LegacyJit,X86,Clr,False,True,False,True,Default,Default,False,False,False,Default,Default,Default,Default,Default,Default,1,10,Default,Default,Default,Default,Default,Default,ColdStart,1,Default,75ml,Spanish,x1,dimension,31.04 ms,146.38 ms,96.82 ms,0.2919 ms
RecognizeDimension,Default,False,Default,Default,Default,Default,Default,Default,1111,Empty,LegacyJit,X86,Clr,False,True,False,True,Default,Default,False,False,False,Default,Default,Default,Default,Default,Default,1,10,Default,Default,Default,Default,Default,Default,ColdStart,1,Default,75ml7(...)l75ml [40],Dutch,x10,dimension,35.68 ms,167.00 ms,110.46 ms,0.7383 ms
RecognizeDimension,Default,False,Default,Default,Default,Default,Default,Default,1111,Empty,LegacyJit,X86,Clr,False,True,False,True,Default,Default,False,False,False,Default,Default,Default,Default,Default,Default,1,10,Default,Default,Default,Default,Default,Default,ColdStart,1,Default,75ml7(...)l75ml [40],English,x10,dimension,28.48 ms,132.66 ms,87.75 ms,0.6296 ms
RecognizeDimension,Default,False,Default,Default,Default,Default,Default,Default,1111,Empty,LegacyJit,X86,Clr,False,True,False,True,Default,Default,False,False,False,Default,Default,Default,Default,Default,Default,1,10,Default,Default,Default,Default,Default,Default,ColdStart,1,Default,75ml7(...)l75ml [40],German,x10,dimension,37.31 ms,174.01 ms,115.09 ms,0.8205 ms
RecognizeDimension,Default,False,Default,Default,Default,Default,Default,Default,1111,Empty,LegacyJit,X86,Clr,False,True,False,True,Default,Default,False,False,False,Default,Default,Default,Default,Default,Default,1,10,Default,Default,Default,Default,Default,Default,ColdStart,1,Default,75ml7(...)l75ml [40],Italian,x10,dimension,30.88 ms,143.07 ms,94.63 ms,0.8812 ms
RecognizeDimension,Default,False,Default,Default,Default,Default,Default,Default,1111,Empty,LegacyJit,X86,Clr,False,True,False,True,Default,Default,False,False,False,Default,Default,Default,Default,Default,Default,1,10,Default,Default,Default,Default,Default,Default,ColdStart,1,Default,75ml7(...)l75ml [40],Spanish,x10,dimension,37.75 ms,176.19 ms,116.54 ms,0.8539 ms
RecognizeDimension,Default,False,Default,Default,Default,Default,Default,Default,1111,Empty,LegacyJit,X86,Clr,False,True,False,True,Default,Default,False,False,False,Default,Default,Default,Default,Default,Default,1,10,Default,Default,Default,Default,Default,Default,ColdStart,1,Default,75ml7(...)l75ml [400],Dutch,x100,dimension,35.58 ms,143.35 ms,94.82 ms,5.9000 ms
RecognizeDimension,Default,False,Default,Default,Default,Default,Default,Default,1111,Empty,LegacyJit,X86,Clr,False,True,False,True,Default,Default,False,False,False,Default,Default,Default,Default,Default,Default,1,10,Default,Default,Default,Default,Default,Default,ColdStart,1,Default,75ml7(...)l75ml [400],English,x100,dimension,36.01 ms,139.00 ms,91.94 ms,6.3961 ms
RecognizeDimension,Default,False,Default,Default,Default,Default,Default,Default,1111,Empty,LegacyJit,X86,Clr,False,True,False,True,Default,Default,False,False,False,Default,Default,Default,Default,Default,Default,1,10,Default,Default,Default,Default,Default,Default,ColdStart,1,Default,75ml7(...)l75ml [400],German,x100,dimension,33.52 ms,134.95 ms,89.26 ms,4.9439 ms
RecognizeDimension,Default,False,Default,Default,Default,Default,Default,Default,1111,Empty,LegacyJit,X86,Clr,False,True,False,True,Default,Default,False,False,False,Default,Default,Default,Default,Default,Default,1,10,Default,Default,Default,Default,Default,Default,ColdStart,1,Default,75ml7(...)l75ml [400],Italian,x100,dimension,33.76 ms,133.78 ms,88.49 ms,5.6245 ms
RecognizeDimension,Default,False,Default,Default,Default,Default,Default,Default,1111,Empty,LegacyJit,X86,Clr,False,True,False,True,Default,Default,False,False,False,Default,Default,Default,Default,Default,Default,1,10,Default,Default,Default,Default,Default,Default,ColdStart,1,Default,75ml7(...)l75ml [400],Spanish,x100,dimension,34.16 ms,135.28 ms,89.48 ms,5.8027 ms
RecognizeTemperature,Default,False,Default,Default,Default,Default,Default,Default,1111,Empty,LegacyJit,X86,Clr,False,True,False,True,Default,Default,False,False,False,Default,Default,Default,Default,Default,Default,1,10,Default,Default,Default,Default,Default,Default,ColdStart,1,Default,A tem(...)lsius [43],Portuguese,x1,temperature,33.27 ms,156.10 ms,103.25 ms,0.5459 ms
RecognizeTemperature,Default,False,Default,Default,Default,Default,Default,Default,1111,Empty,LegacyJit,X86,Clr,False,True,False,True,Default,Default,False,False,False,Default,Default,Default,Default,Default,Default,1,10,Default,Default,Default,Default,Default,Default,ColdStart,1,Default,A tem(...)lsius [430],Portuguese,x10,temperature,36.18 ms,148.29 ms,98.09 ms,4.7783 ms
RecognizeTemperature,Default,False,Default,Default,Default,Default,Default,Default,1111,Empty,LegacyJit,X86,Clr,False,True,False,True,Default,Default,False,False,False,Default,Default,Default,Default,Default,Default,1,10,Default,Default,Default,Default,Default,Default,ColdStart,1,Default,A tem(...)lsius [4300],Portuguese,x100,temperature,205.89 ms,154.54 ms,102.22 ms,175.2539 ms
RecognizeAge,Default,False,Default,Default,Default,Default,Default,Default,1111,Empty,LegacyJit,X86,Clr,False,True,False,True,Default,Default,False,False,False,Default,Default,Default,Default,Default,Default,1,10,Default,Default,Default,Default,Default,Default,ColdStart,1,Default,Als s(...)hren. [51],German,x1,age,27.12 ms,125.79 ms,83.20 ms,0.7882 ms
RecognizeAge,Default,False,Default,Default,Default,Default,Default,Default,1111,Empty,LegacyJit,X86,Clr,False,True,False,True,Default,Default,False,False,False,Default,Default,Default,Default,Default,Default,1,10,Default,Default,Default,Default,Default,Default,ColdStart,1,Default,Als s(...)hren. [510],German,x10,age,31.34 ms,127.49 ms,84.32 ms,4.1559 ms
RecognizeAge,Default,False,Default,Default,Default,Default,Default,Default,1111,Empty,LegacyJit,X86,Clr,False,True,False,True,Default,Default,False,False,False,Default,Default,Default,Default,Default,Default,1,10,Default,Default,Default,Default,Default,Default,ColdStart,1,Default,Als s(...)hren. [5100],German,x100,age,160.99 ms,148.11 ms,97.97 ms,135.5242 ms
RecognizeCurrency,Default,False,Default,Default,Default,Default,Default,Default,1111,Empty,LegacyJit,X86,Clr,False,True,False,True,Default,Default,False,False,False,Default,Default,Default,Default,Default,Default,1,10,Default,Default,Default,Default,Default,Default,ColdStart,1,Default,Comté(...)gnie. [211],French,x1,currency,48.28 ms,130.56 ms,86.36 ms,22.4793 ms
RecognizeCurrency,Default,False,Default,Default,Default,Default,Default,Default,1111,Empty,LegacyJit,X86,Clr,False,True,False,True,Default,Default,False,False,False,Default,Default,Default,Default,Default,Default,1,10,Default,Default,Default,Default,Default,Default,ColdStart,1,Default,Comté(...)gnie. [2110],French,x10,currency,395.79 ms,130.31 ms,86.19 ms,373.7289 ms
RecognizeCurrency,Default,False,Default,Default,Default,Default,Default,Default,1111,Empty,LegacyJit,X86,Clr,False,True,False,True,Default,Default,False,False,False,Default,Default,Default,Default,Default,Default,1,10,Default,Default,Default,Default,Default,Default,ColdStart,1,Default,Comté(...)gnie. [21100],French,x100,currency,"27,927.03 ms","2,484.71 ms","1,643.48 ms","28,483.2327 ms"
RecognizeCurrency,Default,False,Default,Default,Default,Default,Default,Default,1111,Empty,LegacyJit,X86,Clr,False,True,False,True,Default,Default,False,False,False,Default,Default,Default,Default,Default,Default,1,10,Default,Default,Default,Default,Default,Default,ColdStart,1,Default,Conda(...)roup. [187],Portuguese,x1,currency,49.26 ms,123.09 ms,81.41 ms,22.5989 ms
RecognizeCurrency,Default,False,Default,Default,Default,Default,Default,Default,1111,Empty,LegacyJit,X86,Clr,False,True,False,True,Default,Default,False,False,False,Default,Default,Default,Default,Default,Default,1,10,Default,Default,Default,Default,Default,Default,ColdStart,1,Default,Conda(...)roup. [1870],Portuguese,x10,currency,381.39 ms,107.04 ms,70.80 ms,359.3928 ms
RecognizeCurrency,Default,False,Default,Default,Default,Default,Default,Default,1111,Empty,LegacyJit,X86,Clr,False,True,False,True,Default,Default,False,False,False,Default,Default,Default,Default,Default,Default,1,10,Default,Default,Default,Default,Default,Default,ColdStart,1,Default,Conda(...)roup. [18700],Portuguese,x100,currency,"17,624.30 ms","5,611.49 ms","3,711.65 ms","16,396.2351 ms"
RecognizeCurrency,Default,False,Default,Default,Default,Default,Default,Default,1111,Empty,LegacyJit,X86,Clr,False,True,False,True,Default,Default,False,False,False,Default,Default,Default,Default,Default,Default,1,10,Default,Default,Default,Default,Default,Default,ColdStart,1,Default,Conda(...)roup. [188],Spanish,x1,currency,37.08 ms,107.49 ms,71.10 ms,13.9251 ms
RecognizeCurrency,Default,False,Default,Default,Default,Default,Default,Default,1111,Empty,LegacyJit,X86,Clr,False,True,False,True,Default,Default,False,False,False,Default,Default,Default,Default,Default,Default,1,10,Default,Default,Default,Default,Default,Default,ColdStart,1,Default,Conda(...)roup. [1880],Spanish,x10,currency,212.50 ms,115.31 ms,76.27 ms,186.3825 ms
RecognizeCurrency,Default,False,Default,Default,Default,Default,Default,Default,1111,Empty,LegacyJit,X86,Clr,False,True,False,True,Default,Default,False,False,False,Default,Default,Default,Default,Default,Default,1,10,Default,Default,Default,Default,Default,Default,ColdStart,1,Default,Conda(...)roup. [18800],Spanish,x100,currency,"15,007.63 ms",260.45 ms,172.27 ms,"14,970.7898 ms"
RecognizeAge,Default,False,Default,Default,Default,Default,Default,Default,1111,Empty,LegacyJit,X86,Clr,False,True,False,True,Default,Default,False,False,False,Default,Default,Default,Default,Default,Default,1,10,Default,Default,Default,Default,Default,Default,ColdStart,1,Default,Cuand(...)ecas. [68],Spanish,x1,age,16.98 ms,79.66 ms,52.69 ms,0.2529 ms
RecognizeAge,Default,False,Default,Default,Default,Default,Default,Default,1111,Empty,LegacyJit,X86,Clr,False,True,False,True,Default,Default,False,False,False,Default,Default,Default,Default,Default,Default,1,10,Default,Default,Default,Default,Default,Default,ColdStart,1,Default,Cuand(...)ecas. [680],Spanish,x10,age,20.85 ms,86.85 ms,57.45 ms,2.7428 ms
RecognizeAge,Default,False,Default,Default,Default,Default,Default,Default,1111,Empty,LegacyJit,X86,Clr,False,True,False,True,Default,Default,False,False,False,Default,Default,Default,Default,Default,Default,1,10,Default,Default,Default,Default,Default,Default,ColdStart,1,Default,Cuand(...)ecas. [6800],Spanish,x100,age,38.79 ms,76.97 ms,50.91 ms,23.0177 ms
RecognizeTemperature,Default,False,Default,Default,Default,Default,Default,Default,1111,Empty,LegacyJit,X86,Clr,False,True,False,True,Default,Default,False,False,False,Default,Default,Default,Default,Default,Default,1,10,Default,Default,Default,Default,Default,Default,ColdStart,1,Default,Drauß(...)sius. [28],German,x1,temperature,20.51 ms,95.95 ms,63.47 ms,0.4463 ms
RecognizeTemperature,Default,False,Default,Default,Default,Default,Default,Default,1111,Empty,LegacyJit,X86,Clr,False,True,False,True,Default,Default,False,False,False,Default,Default,Default,Default,Default,Default,1,10,Default,Default,Default,Default,Default,Default,ColdStart,1,Default,Drauß(...)sius. [280],German,x10,temperature,21.71 ms,89.47 ms,59.18 ms,3.1587 ms
RecognizeTemperature,Default,False,Default,Default,Default,Default,Default,Default,1111,Empty,LegacyJit,X86,Clr,False,True,False,True,Default,Default,False,False,False,Default,Default,Default,Default,Default,Default,1,10,Default,Default,Default,Default,Default,Default,ColdStart,1,Default,Drauß(...)sius. [2800],German,x100,temperature,103.97 ms,96.96 ms,64.14 ms,82.7136 ms
RecognizeTemperature,Default,False,Default,Default,Default,Default,Default,Default,1111,Empty,LegacyJit,X86,Clr,False,True,False,True,Default,Default,False,False,False,Default,Default,Default,Default,Default,Default,1,10,Default,Default,Default,Default,Default,Default,ColdStart,1,Default,La te(...)lsius [47],Spanish,x1,temperature,18.77 ms,87.76 ms,58.05 ms,0.3442 ms
RecognizeTemperature,Default,False,Default,Default,Default,Default,Default,Default,1111,Empty,LegacyJit,X86,Clr,False,True,False,True,Default,Default,False,False,False,Default,Default,Default,Default,Default,Default,1,10,Default,Default,Default,Default,Default,Default,ColdStart,1,Default,La te(...)lsius [470],Spanish,x10,temperature,21.55 ms,87.46 ms,57.85 ms,3.1587 ms
RecognizeTemperature,Default,False,Default,Default,Default,Default,Default,Default,1111,Empty,LegacyJit,X86,Clr,False,True,False,True,Default,Default,False,False,False,Default,Default,Default,Default,Default,Default,1,10,Default,Default,Default,Default,Default,Default,ColdStart,1,Default,La te(...)lsius [4700],Spanish,x100,temperature,122.99 ms,86.02 ms,56.90 ms,104.5074 ms
RecognizeTemperature,Default,False,Default,Default,Default,Default,Default,Default,1111,Empty,LegacyJit,X86,Clr,False,True,False,True,Default,Default,False,False,False,Default,Default,Default,Default,Default,Default,1,10,Default,Default,Default,Default,Default,Default,ColdStart,1,Default,La te(...)lsius [45],French,x1,temperature,19.69 ms,91.90 ms,60.78 ms,0.3282 ms
RecognizeTemperature,Default,False,Default,Default,Default,Default,Default,Default,1111,Empty,LegacyJit,X86,Clr,False,True,False,True,Default,Default,False,False,False,Default,Default,Default,Default,Default,Default,1,10,Default,Default,Default,Default,Default,Default,ColdStart,1,Default,La te(...)lsius [450],French,x10,temperature,22.77 ms,92.40 ms,61.12 ms,2.9744 ms
RecognizeTemperature,Default,False,Default,Default,Default,Default,Default,Default,1111,Empty,LegacyJit,X86,Clr,False,True,False,True,Default,Default,False,False,False,Default,Default,Default,Default,Default,Default,1,10,Default,Default,Default,Default,Default,Default,ColdStart,1,Default,La te(...)lsius [4500],French,x100,temperature,141.43 ms,106.66 ms,70.55 ms,121.9037 ms
RecognizeAge,Default,False,Default,Default,Default,Default,Default,Default,1111,Empty,LegacyJit,X86,Clr,False,True,False,True,Default,Default,False,False,False,Default,Default,Default,Default,Default,Default,1,10,Default,Default,Default,Default,Default,Default,ColdStart,1,Default,Quand(...)lette [65],French,x1,age,16.97 ms,78.14 ms,51.68 ms,0.6972 ms
RecognizeAge,Default,False,Default,Default,Default,Default,Default,Default,1111,Empty,LegacyJit,X86,Clr,False,True,False,True,Default,Default,False,False,False,Default,Default,Default,Default,Default,Default,1,10,Default,Default,Default,Default,Default,Default,ColdStart,1,Default,Quand(...)lette [650],French,x10,age,21.37 ms,81.60 ms,53.98 ms,4.6547 ms
RecognizeAge,Default,False,Default,Default,Default,Default,Default,Default,1111,Empty,LegacyJit,X86,Clr,False,True,False,True,Default,Default,False,False,False,Default,Default,Default,Default,Default,Default,1,10,Default,Default,Default,Default,Default,Default,ColdStart,1,Default,Quand(...)lette [6500],French,x100,age,55.09 ms,76.99 ms,50.92 ms,39.2707 ms
RecognizeAge,Default,False,Default,Default,Default,Default,Default,Default,1111,Empty,LegacyJit,X86,Clr,False,True,False,True,Default,Default,False,False,False,Default,Default,Default,Default,Default,Default,1,10,Default,Default,Default,Default,Default,Default,ColdStart,1,Default,Quand(...)etta. [57],Italian,x1,age,16.95 ms,78.74 ms,52.08 ms,0.4750 ms
RecognizeAge,Default,False,Default,Default,Default,Default,Default,Default,1111,Empty,LegacyJit,X86,Clr,False,True,False,True,Default,Default,False,False,False,Default,Default,Default,Default,Default,Default,1,10,Default,Default,Default,Default,Default,Default,ColdStart,1,Default,Quand(...)etta. [570],Italian,x10,age,19.07 ms,79.07 ms,52.30 ms,2.2959 ms
RecognizeAge,Default,False,Default,Default,Default,Default,Default,Default,1111,Empty,LegacyJit,X86,Clr,False,True,False,True,Default,Default,False,False,False,Default,Default,Default,Default,Default,Default,1,10,Default,Default,Default,Default,Default,Default,ColdStart,1,Default,Quand(...)etta. [5700],Italian,x100,age,42.52 ms,83.77 ms,55.41 ms,24.5486 ms
RecognizeAge,Default,False,Default,Default,Default,Default,Default,Default,1111,Empty,LegacyJit,X86,Clr,False,True,False,True,Default,Default,False,False,False,Default,Default,Default,Default,Default,Default,1,10,Default,Default,Default,Default,Default,Default,ColdStart,1,Default,Quand(...)leta. [55],Portuguese,x1,age,16.20 ms,75.12 ms,49.69 ms,0.3665 ms
RecognizeAge,Default,False,Default,Default,Default,Default,Default,Default,1111,Empty,LegacyJit,X86,Clr,False,True,False,True,Default,Default,False,False,False,Default,Default,Default,Default,Default,Default,1,10,Default,Default,Default,Default,Default,Default,ColdStart,1,Default,Quand(...)leta. [550],Portuguese,x10,age,20.81 ms,80.52 ms,53.26 ms,4.5626 ms
RecognizeAge,Default,False,Default,Default,Default,Default,Default,Default,1111,Empty,LegacyJit,X86,Clr,False,True,False,True,Default,Default,False,False,False,Default,Default,Default,Default,Default,Default,1,10,Default,Default,Default,Default,Default,Default,ColdStart,1,Default,Quand(...)leta. [5500],Portuguese,x100,age,47.37 ms,77.05 ms,50.96 ms,31.6484 ms
RecognizeAge,Default,False,Default,Default,Default,Default,Default,Default,1111,Empty,LegacyJit,X86,Clr,False,True,False,True,Default,Default,False,False,False,Default,Default,Default,Default,Default,Default,1,10,Default,Default,Default,Default,Default,Default,ColdStart,1,Default,Toen (...)tsen. [50],Dutch,x1,age,17.22 ms,79.76 ms,52.75 ms,0.5080 ms
RecognizeAge,Default,False,Default,Default,Default,Default,Default,Default,1111,Empty,LegacyJit,X86,Clr,False,True,False,True,Default,Default,False,False,False,Default,Default,Default,Default,Default,Default,1,10,Default,Default,Default,Default,Default,Default,ColdStart,1,Default,Toen (...)tsen. [500],Dutch,x10,age,20.69 ms,79.10 ms,52.32 ms,3.9797 ms
RecognizeAge,Default,False,Default,Default,Default,Default,Default,Default,1111,Empty,LegacyJit,X86,Clr,False,True,False,True,Default,Default,False,False,False,Default,Default,Default,Default,Default,Default,1,10,Default,Default,Default,Default,Default,Default,ColdStart,1,Default,Toen (...)tsen. [5000],Dutch,x100,age,41.90 ms,79.80 ms,52.78 ms,25.1674 ms
RecognizeAge,Default,False,Default,Default,Default,Default,Default,Default,1111,Empty,LegacyJit,X86,Clr,False,True,False,True,Default,Default,False,False,False,Default,Default,Default,Default,Default,Default,1,10,Default,Default,Default,Default,Default,Default,ColdStart,1,Default,When (...)bike. [56],English,x1,age,20.66 ms,95.69 ms,63.30 ms,0.6070 ms
RecognizeAge,Default,False,Default,Default,Default,Default,Default,Default,1111,Empty,LegacyJit,X86,Clr,False,True,False,True,Default,Default,False,False,False,Default,Default,Default,Default,Default,Default,1,10,Default,Default,Default,Default,Default,Default,ColdStart,1,Default,When (...)bike. [560],English,x10,age,24.29 ms,90.53 ms,59.88 ms,5.3919 ms
RecognizeAge,Default,False,Default,Default,Default,Default,Default,Default,1111,Empty,LegacyJit,X86,Clr,False,True,False,True,Default,Default,False,False,False,Default,Default,Default,Default,Default,Default,1,10,Default,Default,Default,Default,Default,Default,ColdStart,1,Default,When (...)bike. [5600],English,x100,age,120.05 ms,99.73 ms,65.97 ms,100.0095 ms
RecognizeCurrency,Default,False,Default,Default,Default,Default,Default,Default,1111,Empty,LegacyJit,X86,Clr,False,True,False,True,Default,Default,False,False,False,Default,Default,Default,Default,Default,Default,1,10,Default,Default,Default,Default,Default,Default,ColdStart,1,Default,conte(...)oup . [170],Italian,x1,currency,34.71 ms,97.97 ms,64.80 ms,14.6121 ms
RecognizeCurrency,Default,False,Default,Default,Default,Default,Default,Default,1111,Empty,LegacyJit,X86,Clr,False,True,False,True,Default,Default,False,False,False,Default,Default,Default,Default,Default,Default,1,10,Default,Default,Default,Default,Default,Default,ColdStart,1,Default,conte(...)oup . [1700],Italian,x10,currency,180.01 ms,104.32 ms,69.00 ms,158.4228 ms
RecognizeCurrency,Default,False,Default,Default,Default,Default,Default,Default,1111,Empty,LegacyJit,X86,Clr,False,True,False,True,Default,Default,False,False,False,Default,Default,Default,Default,Default,Default,1,10,Default,Default,Default,Default,Default,Default,ColdStart,1,Default,conte(...)oup . [17000],Italian,x100,currency,"12,985.74 ms",140.28 ms,92.79 ms,"12,968.9258 ms"
RecognizeTemperature,Default,False,Default,Default,Default,Default,Default,Default,1111,Empty,LegacyJit,X86,Clr,False,True,False,True,Default,Default,False,False,False,Default,Default,Default,Default,Default,Default,1,10,Default,Default,Default,Default,Default,Default,ColdStart,1,Default,de te(...)lsius [42],Dutch,x1,temperature,18.99 ms,88.71 ms,58.68 ms,0.3951 ms
RecognizeTemperature,Default,False,Default,Default,Default,Default,Default,Default,1111,Empty,LegacyJit,X86,Clr,False,True,False,True,Default,Default,False,False,False,Default,Default,Default,Default,Default,Default,1,10,Default,Default,Default,Default,Default,Default,ColdStart,1,Default,de te(...)lsius [420],Dutch,x10,temperature,22.50 ms,93.97 ms,62.16 ms,2.6872 ms
RecognizeTemperature,Default,False,Default,Default,Default,Default,Default,Default,1111,Empty,LegacyJit,X86,Clr,False,True,False,True,Default,Default,False,False,False,Default,Default,Default,Default,Default,Default,1,10,Default,Default,Default,Default,Default,Default,ColdStart,1,Default,de te(...)lsius [4200],Dutch,x100,temperature,104.77 ms,93.65 ms,61.95 ms,86.6458 ms
RecognizeTemperature,Default,False,Default,Default,Default,Default,Default,Default,1111,Empty,LegacyJit,X86,Clr,False,True,False,True,Default,Default,False,False,False,Default,Default,Default,Default,Default,Default,1,10,Default,Default,Default,Default,Default,Default,ColdStart,1,Default,la te(...)lsius [44],Italian,x1,temperature,18.74 ms,87.36 ms,57.78 ms,0.4020 ms
RecognizeTemperature,Default,False,Default,Default,Default,Default,Default,Default,1111,Empty,LegacyJit,X86,Clr,False,True,False,True,Default,Default,False,False,False,Default,Default,Default,Default,Default,Default,1,10,Default,Default,Default,Default,Default,Default,ColdStart,1,Default,la te(...)lsius [440],Italian,x10,temperature,21.55 ms,88.60 ms,58.60 ms,2.8775 ms
RecognizeTemperature,Default,False,Default,Default,Default,Default,Default,Default,1111,Empty,LegacyJit,X86,Clr,False,True,False,True,Default,Default,False,False,False,Default,Default,Default,Default,Default,Default,1,10,Default,Default,Default,Default,Default,Default,ColdStart,1,Default,la te(...)lsius [4400],Italian,x100,temperature,122.57 ms,81.41 ms,53.85 ms,104.7240 ms
RecognizeCurrency,Default,False,Default,Default,Default,Default,Default,Default,1111,Empty,LegacyJit,X86,Clr,False,True,False,True,Default,Default,False,False,False,Default,Default,Default,Default,Default,Default,1,10,Default,Default,Default,Default,Default,Default,ColdStart,1,Default,montg(...)oup . [175],English,x1,currency,34.79 ms,96.18 ms,63.62 ms,15.2275 ms
RecognizeCurrency,Default,False,Default,Default,Default,Default,Default,Default,1111,Empty,LegacyJit,X86,Clr,False,True,False,True,Default,Default,False,False,False,Default,Default,Default,Default,Default,Default,1,10,Default,Default,Default,Default,Default,Default,ColdStart,1,Default,montg(...)oup . [1750],English,x10,currency,189.66 ms,109.02 ms,72.11 ms,168.9880 ms
RecognizeCurrency,Default,False,Default,Default,Default,Default,Default,Default,1111,Empty,LegacyJit,X86,Clr,False,True,False,True,Default,Default,False,False,False,Default,Default,Default,Default,Default,Default,1,10,Default,Default,Default,Default,Default,Default,ColdStart,1,Default,montg(...)oup . [17500],English,x100,currency,"13,649.00 ms",571.21 ms,377.82 ms,"13,469.2274 ms"
RecognizeDimension,Default,False,Default,Default,Default,Default,Default,Default,1111,Empty,LegacyJit,X86,Clr,False,True,False,True,Default,Default,False,False,False,Default,Default,Default,Default,Default,Default,1,10,Default,Default,Default,Default,Default,Default,ColdStart,1,Default,são 1(...)uidos [21],Portuguese,x1,dimension,22.77 ms,106.22 ms,70.26 ms,0.4708 ms
RecognizeDimension,Default,False,Default,Default,Default,Default,Default,Default,1111,Empty,LegacyJit,X86,Clr,False,True,False,True,Default,Default,False,False,False,Default,Default,Default,Default,Default,Default,1,10,Default,Default,Default,Default,Default,Default,ColdStart,1,Default,são 1(...)uidos [210],Portuguese,x10,dimension,28.99 ms,93.00 ms,61.51 ms,9.2485 ms
RecognizeDimension,Default,False,Default,Default,Default,Default,Default,Default,1111,Empty,LegacyJit,X86,Clr,False,True,False,True,Default,Default,False,False,False,Default,Default,Default,Default,Default,Default,1,10,Default,Default,Default,Default,Default,Default,ColdStart,1,Default,são 1(...)uidos [2100],Portuguese,x100,dimension,528.86 ms,104.02 ms,68.80 ms,510.0486 ms
RecognizeTemperature,Default,False,Default,Default,Default,Default,Default,Default,1111,Empty,LegacyJit,X86,Clr,False,True,False,True,Default,Default,False,False,False,Default,Default,Default,Default,Default,Default,1,10,Default,Default,Default,Default,Default,Default,ColdStart,1,Default,the t(...)lsius [41],English,x1,temperature,19.94 ms,93.60 ms,61.91 ms,0.2954 ms
RecognizeTemperature,Default,False,Default,Default,Default,Default,Default,Default,1111,Empty,LegacyJit,X86,Clr,False,True,False,True,Default,Default,False,False,False,Default,Default,Default,Default,Default,Default,1,10,Default,Default,Default,Default,Default,Default,ColdStart,1,Default,the t(...)lsius [410],English,x10,temperature,24.40 ms,96.88 ms,64.08 ms,4.2678 ms
RecognizeTemperature,Default,False,Default,Default,Default,Default,Default,Default,1111,Empty,LegacyJit,X86,Clr,False,True,False,True,Default,Default,False,False,False,Default,Default,Default,Default,Default,Default,1,10,Default,Default,Default,Default,Default,Default,ColdStart,1,Default,the t(...)lsius [4100],English,x100,temperature,123.32 ms,93.94 ms,62.14 ms,104.0745 ms
RecognizeCurrency,Default,False,Default,Default,Default,Default,Default,Default,1111,Empty,LegacyJit,X86,Clr,False,True,False,True,Default,Default,False,False,False,Default,Default,Default,Default,Default,Default,1,10,Default,Default,Default,Default,Default,Default,ColdStart,1,Default,今日の日経平均は2222円13銭です。,Japanese,x1,currency,28.60 ms,89.94 ms,59.49 ms,10.2470 ms
RecognizeCurrency,Default,False,Default,Default,Default,Default,Default,Default,1111,Empty,LegacyJit,X86,Clr,False,True,False,True,Default,Default,False,False,False,Default,Default,Default,Default,Default,Default,1,10,Default,Default,Default,Default,Default,Default,ColdStart,1,Default,今日の日経(...)3銭です。 [190],Japanese,x10,currency,32.09 ms,88.01 ms,58.21 ms,13.7411 ms
RecognizeCurrency,Default,False,Default,Default,Default,Default,Default,Default,1111,Empty,LegacyJit,X86,Clr,False,True,False,True,Default,Default,False,False,False,Default,Default,Default,Default,Default,Default,1,10,Default,Default,Default,Default,Default,Default,ColdStart,1,Default,今日の日経(...)3銭です。 [1900],Japanese,x100,currency,49.11 ms,92.76 ms,61.36 ms,29.7253 ms
RecognizeDimension,Default,False,Default,Default,Default,Default,Default,Default,1111,Empty,LegacyJit,X86,Clr,False,True,False,True,Default,Default,False,False,False,Default,Default,Default,Default,Default,Default,1,10,Default,Default,Default,Default,Default,Default,ColdStart,1,Default,去年，潜江(...)87万亩。 [62],Chinese,x1,dimension,19.87 ms,92.09 ms,60.91 ms,0.5525 ms
RecognizeDimension,Default,False,Default,Default,Default,Default,Default,Default,1111,Empty,LegacyJit,X86,Clr,False,True,False,True,Default,Default,False,False,False,Default,Default,Default,Default,Default,Default,1,10,Default,Default,Default,Default,Default,Default,ColdStart,1,Default,去年，潜江(...)87万亩。 [620],Chinese,x10,dimension,22.63 ms,91.43 ms,60.48 ms,3.5080 ms
RecognizeDimension,Default,False,Default,Default,Default,Default,Default,Default,1111,Empty,LegacyJit,X86,Clr,False,True,False,True,Default,Default,False,False,False,Default,Default,Default,Default,Default,Default,1,10,Default,Default,Default,Default,Default,Default,ColdStart,1,Default,去年，潜江(...)87万亩。 [6200],Chinese,x100,dimension,49.64 ms,86.10 ms,56.95 ms,32.0116 ms
RecognizeAge,Default,False,Default,Default,Default,Default,Default,Default,1111,Empty,LegacyJit,X86,Clr,False,True,False,True,Default,Default,False,False,False,Default,Default,Default,Default,Default,Default,1,10,Default,Default,Default,Default,Default,Default,ColdStart,1,Default,当她五岁的时候，她学会了骑自行车,Chinese,x1,age,16.82 ms,79.46 ms,52.56 ms,0.1506 ms
RecognizeAge,Default,False,Default,Default,Default,Default,Default,Default,1111,Empty,LegacyJit,X86,Clr,False,True,False,True,Default,Default,False,False,False,Default,Default,Default,Default,Default,Default,1,10,Default,Default,Default,Default,Default,Default,ColdStart,1,Default,当她五岁的(...)了骑自行车 [160],Chinese,x10,age,17.01 ms,78.45 ms,51.89 ms,0.5949 ms
RecognizeAge,Default,False,Default,Default,Default,Default,Default,Default,1111,Empty,LegacyJit,X86,Clr,False,True,False,True,Default,Default,False,False,False,Default,Default,Default,Default,Default,Default,1,10,Default,Default,Default,Default,Default,Default,ColdStart,1,Default,当她五岁的(...)了骑自行车 [1600],Chinese,x100,age,20.51 ms,80.96 ms,53.55 ms,2.9979 ms
RecognizeCurrency,Default,False,Default,Default,Default,Default,Default,Default,1111,Empty,LegacyJit,X86,Clr,False,True,False,True,Default,Default,False,False,False,Default,Default,Default,Default,Default,Default,1,10,Default,Default,Default,Default,Default,Default,ColdStart,1,Default,江苏彩民1(...)6.57亿 [25],Chinese,x1,currency,30.48 ms,94.02 ms,62.19 ms,11.0673 ms
RecognizeCurrency,Default,False,Default,Default,Default,Default,Default,Default,1111,Empty,LegacyJit,X86,Clr,False,True,False,True,Default,Default,False,False,False,Default,Default,Default,Default,Default,Default,1,10,Default,Default,Default,Default,Default,Default,ColdStart,1,Default,江苏彩民1(...)6.57亿 [250],Chinese,x10,currency,45.98 ms,98.27 ms,65.00 ms,24.8504 ms
RecognizeCurrency,Default,False,Default,Default,Default,Default,Default,Default,1111,Empty,LegacyJit,X86,Clr,False,True,False,True,Default,Default,False,False,False,Default,Default,Default,Default,Default,Default,1,10,Default,Default,Default,Default,Default,Default,ColdStart,1,Default,江苏彩民1(...)6.57亿 [2500],Chinese,x100,currency,"1,239.05 ms",96.22 ms,63.64 ms,"1,219.6096 ms"
RecognizeAge,Default,False,Default,Default,Default,Default,Default,Default,1111,Empty,LegacyJit,X86,Clr,False,True,False,True,Default,Default,False,False,False,Default,Default,Default,Default,Default,Default,1,10,Default,Default,Default,Default,Default,Default,ColdStart,1,Default,私は29歳です。,Japanese,x1,age,17.23 ms,81.22 ms,53.72 ms,0.1809 ms
RecognizeAge,Default,False,Default,Default,Default,Default,Default,Default,1111,Empty,LegacyJit,X86,Clr,False,True,False,True,Default,Default,False,False,False,Default,Default,Default,Default,Default,Default,1,10,Default,Default,Default,Default,Default,Default,ColdStart,1,Default,私は29歳(...)9歳です。 [80],Japanese,x10,age,17.02 ms,78.02 ms,51.60 ms,0.6723 ms
RecognizeAge,Default,False,Default,Default,Default,Default,Default,Default,1111,Empty,LegacyJit,X86,Clr,False,True,False,True,Default,Default,False,False,False,Default,Default,Default,Default,Default,Default,1,10,Default,Default,Default,Default,Default,Default,ColdStart,1,Default,私は29歳(...)9歳です。 [800],Japanese,x100,age,21.46 ms,79.49 ms,52.58 ms,4.7245 ms
RecognizeTemperature,Default,False,Default,Default,Default,Default,Default,Default,1111,Empty,LegacyJit,X86,Clr,False,True,False,True,Default,Default,False,False,False,Default,Default,Default,Default,Default,Default,1,10,Default,Default,Default,Default,Default,Default,ColdStart,1,Default,设置恒温器为85度,Chinese,x1,temperature,18.39 ms,86.75 ms,57.38 ms,0.1805 ms
RecognizeTemperature,Default,False,Default,Default,Default,Default,Default,Default,1111,Empty,LegacyJit,X86,Clr,False,True,False,True,Default,Default,False,False,False,Default,Default,Default,Default,Default,Default,1,10,Default,Default,Default,Default,Default,Default,ColdStart,1,Default,设置恒温器(...)器为85度 [90],Chinese,x10,temperature,18.13 ms,83.63 ms,55.32 ms,0.5638 ms
RecognizeTemperature,Default,False,Default,Default,Default,Default,Default,Default,1111,Empty,LegacyJit,X86,Clr,False,True,False,True,Default,Default,False,False,False,Default,Default,Default,Default,Default,Default,1,10,Default,Default,Default,Default,Default,Default,ColdStart,1,Default,设置恒温器(...)器为85度 [900],Chinese,x100,temperature,24.39 ms,93.49 ms,61.84 ms,4.7451 ms
RecognizeAge,Default,False,Default,Default,Default,Default,Default,Default,1111,Empty,LegacyJit,X86,Clr,False,True,False,True,Default,Default,False,False,False,Default,Default,Default,Default,Default,Default,1,10,Default,Default,Default,Default,Default,Default,ColdStart,1,Default,그녀가 다(...) 배웠다. [30],Korean,x1,age,16.27 ms,76.77 ms,50.78 ms,0.1386 ms
RecognizeAge,Default,False,Default,Default,Default,Default,Default,Default,1111,Empty,LegacyJit,X86,Clr,False,True,False,True,Default,Default,False,False,False,Default,Default,Default,Default,Default,Default,1,10,Default,Default,Default,Default,Default,Default,ColdStart,1,Default,그녀가 다(...) 배웠다. [300],Korean,x10,age,17.58 ms,80.97 ms,53.55 ms,0.5931 ms
RecognizeAge,Default,False,Default,Default,Default,Default,Default,Default,1111,Empty,LegacyJit,X86,Clr,False,True,False,True,Default,Default,False,False,False,Default,Default,Default,Default,Default,Default,1,10,Default,Default,Default,Default,Default,Default,ColdStart,1,Default,그녀가 다(...) 배웠다. [3000],Korean,x100,age,22.51 ms,76.81 ms,50.80 ms,6.5595 ms
